-- This script was generated by the ERD tool in pgAdmin 4.
-- Please log an issue at https://github.com/pgadmin-org/pgadmin4/issues/new/choose if you find any bugs, including reproduction steps.
BEGIN;


CREATE TABLE IF NOT EXISTS public.bom
(
    bom_id serial NOT NULL,
    carport_id integer NOT NULL,
    variant_id integer NOT NULL,
    amount integer NOT NULL,
    CONSTRAINT bom_pkey PRIMARY KEY (bom_id)
);

CREATE TABLE IF NOT EXISTS public.carport
(
    carport_id serial NOT NULL,
    order_id integer NOT NULL,
    height_in_mm integer NOT NULL,
    length_in_mm integer NOT NULL,
    width_in_mm integer NOT NULL,
    CONSTRAINT carport_pkey PRIMARY KEY (carport_id)
);

CREATE TABLE IF NOT EXISTS public.carport_roof
(
    roof_id serial NOT NULL,
    carport_id integer NOT NULL,
    material character varying(100) COLLATE pg_catalog."default",
    tilt_in_degrees integer,
    CONSTRAINT carport_roof_pkey PRIMARY KEY (roof_id)
);

CREATE TABLE IF NOT EXISTS public.carport_shed
(
    shed_id serial NOT NULL,
    carport_id integer NOT NULL,
    length_in_mm integer NOT NULL,
    width_in_mm integer NOT NULL,
    floor character varying(100) COLLATE pg_catalog."default",
    wall_cladding character varying(100) COLLATE pg_catalog."default",
    CONSTRAINT shed_pkey PRIMARY KEY (shed_id)
);

CREATE TABLE IF NOT EXISTS public.contact_info
(
    contact_info_id serial NOT NULL,
    full_name character varying(1000) COLLATE pg_catalog."default" NOT NULL,
    address character varying(500) COLLATE pg_catalog."default" NOT NULL,
    zip_code integer NOT NULL,
    city character varying(500) COLLATE pg_catalog."default" NOT NULL,
    phone_number integer NOT NULL,
    email character varying(998) COLLATE pg_catalog."default" NOT NULL,
    user_id integer,
    send_ads_to_email boolean NOT NULL DEFAULT false,
    CONSTRAINT contact_info_pkey PRIMARY KEY (contact_info_id)
);

CREATE TABLE IF NOT EXISTS public.material
(
    material_id serial NOT NULL,
    category character varying(50) COLLATE pg_catalog."default" NOT NULL,
    material character varying(50) COLLATE pg_catalog."default" NOT NULL,
    treatment character varying(50) COLLATE pg_catalog."default",
    unit character varying(20) COLLATE pg_catalog."default" NOT NULL,
    type character varying(50) COLLATE pg_catalog."default" NOT NULL,
    CONSTRAINT material_pkey PRIMARY KEY (material_id)
);

CREATE TABLE IF NOT EXISTS public."order"
(
    order_id serial NOT NULL,
    price_suggested_in_oere integer NOT NULL,
    price_actual_in_oere integer,
    date_requested timestamp without time zone NOT NULL,
    date_approved timestamp without time zone,
    date_finished timestamp without time zone,
    status character varying(100) COLLATE pg_catalog."default" NOT NULL,
    contact_info_id integer,
    user_comment character varying(2000) COLLATE pg_catalog."default",
    CONSTRAINT order_pkey PRIMARY KEY (order_id)
);

CREATE TABLE IF NOT EXISTS public.specific
(
    specific_id serial NOT NULL,
    material_id integer NOT NULL,
    width_in_mm integer,
    height_in_mm integer,
    direction character varying(20) COLLATE pg_catalog."default",
    angle_in_degrees integer,
    CONSTRAINT specific_pkey PRIMARY KEY (specific_id)
);

CREATE TABLE IF NOT EXISTS public."user"
(
    user_id serial NOT NULL,
    email character varying(998) COLLATE pg_catalog."default" NOT NULL,
    password character varying(100) COLLATE pg_catalog."default" NOT NULL,
    role character varying(10) COLLATE pg_catalog."default" NOT NULL DEFAULT USER,
    CONSTRAINT user_pkey PRIMARY KEY (user_id)
);

CREATE TABLE IF NOT EXISTS public.variant
(
    variant_id serial NOT NULL,
    specific_id integer NOT NULL,
    length_in_mm integer,
    amount_pr_unit integer,
    price_in_oere integer NOT NULL,
    is_obsolete boolean NOT NULL,
    CONSTRAINT variant_pkey PRIMARY KEY (variant_id)
);

ALTER TABLE IF EXISTS public.bom
    ADD CONSTRAINT bom_carport_id_fkey FOREIGN KEY (carport_id)
        REFERENCES public.carport (carport_id) MATCH SIMPLE
        ON UPDATE NO ACTION
        ON DELETE NO ACTION
        NOT VALID;


ALTER TABLE IF EXISTS public.bom
    ADD CONSTRAINT bom_carport_id_fkey1 FOREIGN KEY (carport_id)
        REFERENCES public.carport (carport_id) MATCH SIMPLE
        ON UPDATE NO ACTION
        ON DELETE NO ACTION
        NOT VALID;


ALTER TABLE IF EXISTS public.bom
    ADD CONSTRAINT bom_carport_id_fkey2 FOREIGN KEY (carport_id)
        REFERENCES public.carport (carport_id) MATCH SIMPLE
        ON UPDATE NO ACTION
        ON DELETE NO ACTION
        NOT VALID;


ALTER TABLE IF EXISTS public.bom
    ADD CONSTRAINT bom_carport_id_fkey3 FOREIGN KEY (carport_id)
        REFERENCES public.carport (carport_id) MATCH SIMPLE
        ON UPDATE NO ACTION
        ON DELETE NO ACTION
        NOT VALID;


ALTER TABLE IF EXISTS public.bom
    ADD CONSTRAINT bom_variant_id_fkey FOREIGN KEY (variant_id)
        REFERENCES public.variant (variant_id) MATCH SIMPLE
        ON UPDATE NO ACTION
        ON DELETE NO ACTION
        NOT VALID;


ALTER TABLE IF EXISTS public.bom
    ADD CONSTRAINT bom_variant_id_fkey1 FOREIGN KEY (variant_id)
        REFERENCES public.variant (variant_id) MATCH SIMPLE
        ON UPDATE NO ACTION
        ON DELETE NO ACTION
        NOT VALID;


ALTER TABLE IF EXISTS public.bom
    ADD CONSTRAINT bom_variant_id_fkey2 FOREIGN KEY (variant_id)
        REFERENCES public.variant (variant_id) MATCH SIMPLE
        ON UPDATE NO ACTION
        ON DELETE NO ACTION
        NOT VALID;


ALTER TABLE IF EXISTS public.bom
    ADD CONSTRAINT bom_variant_id_fkey3 FOREIGN KEY (variant_id)
        REFERENCES public.variant (variant_id) MATCH SIMPLE
        ON UPDATE NO ACTION
        ON DELETE NO ACTION
        NOT VALID;


ALTER TABLE IF EXISTS public.carport
    ADD CONSTRAINT carport_order_id_fkey FOREIGN KEY (order_id)
        REFERENCES public."order" (order_id) MATCH SIMPLE
        ON UPDATE NO ACTION
        ON DELETE NO ACTION
        NOT VALID;


ALTER TABLE IF EXISTS public.carport
    ADD CONSTRAINT carport_order_id_fkey1 FOREIGN KEY (order_id)
        REFERENCES public."order" (order_id) MATCH SIMPLE
        ON UPDATE NO ACTION
        ON DELETE NO ACTION
        NOT VALID;


ALTER TABLE IF EXISTS public.carport
    ADD CONSTRAINT carport_order_id_fkey2 FOREIGN KEY (order_id)
        REFERENCES public."order" (order_id) MATCH SIMPLE
        ON UPDATE NO ACTION
        ON DELETE NO ACTION
        NOT VALID;


ALTER TABLE IF EXISTS public.carport
    ADD CONSTRAINT carport_order_id_fkey3 FOREIGN KEY (order_id)
        REFERENCES public."order" (order_id) MATCH SIMPLE
        ON UPDATE NO ACTION
        ON DELETE NO ACTION
        NOT VALID;


ALTER TABLE IF EXISTS public.carport_roof
    ADD CONSTRAINT carport_roof_carport_id_fkey FOREIGN KEY (carport_id)
        REFERENCES public.carport (carport_id) MATCH SIMPLE
        ON UPDATE NO ACTION
        ON DELETE NO ACTION
        NOT VALID;


ALTER TABLE IF EXISTS public.carport_roof
    ADD CONSTRAINT carport_roof_carport_id_fkey1 FOREIGN KEY (carport_id)
        REFERENCES public.carport (carport_id) MATCH SIMPLE
        ON UPDATE NO ACTION
        ON DELETE NO ACTION
        NOT VALID;


ALTER TABLE IF EXISTS public.carport_roof
    ADD CONSTRAINT carport_roof_carport_id_fkey2 FOREIGN KEY (carport_id)
        REFERENCES public.carport (carport_id) MATCH SIMPLE
        ON UPDATE NO ACTION
        ON DELETE NO ACTION
        NOT VALID;


ALTER TABLE IF EXISTS public.carport_roof
    ADD CONSTRAINT carport_roof_carport_id_fkey3 FOREIGN KEY (carport_id)
        REFERENCES public.carport (carport_id) MATCH SIMPLE
        ON UPDATE NO ACTION
        ON DELETE NO ACTION
        NOT VALID;


ALTER TABLE IF EXISTS public.carport_shed
    ADD CONSTRAINT carport_shed_carport_id_fkey FOREIGN KEY (carport_id)
        REFERENCES public.carport (carport_id) MATCH SIMPLE
        ON UPDATE NO ACTION
        ON DELETE NO ACTION
        NOT VALID;


ALTER TABLE IF EXISTS public.carport_shed
    ADD CONSTRAINT carport_shed_carport_id_fkey1 FOREIGN KEY (carport_id)
        REFERENCES public.carport (carport_id) MATCH SIMPLE
        ON UPDATE NO ACTION
        ON DELETE NO ACTION
        NOT VALID;


ALTER TABLE IF EXISTS public.carport_shed
    ADD CONSTRAINT shed_carport_id_fkey FOREIGN KEY (carport_id)
        REFERENCES public.carport (carport_id) MATCH SIMPLE
        ON UPDATE NO ACTION
        ON DELETE NO ACTION
        NOT VALID;


ALTER TABLE IF EXISTS public.carport_shed
    ADD CONSTRAINT shed_carport_id_fkey1 FOREIGN KEY (carport_id)
        REFERENCES public.carport (carport_id) MATCH SIMPLE
        ON UPDATE NO ACTION
        ON DELETE NO ACTION
        NOT VALID;


ALTER TABLE IF EXISTS public.contact_info
    ADD CONSTRAINT contact_info_user_id_fkey FOREIGN KEY (user_id)
        REFERENCES public."user" (user_id) MATCH SIMPLE
        ON UPDATE NO ACTION
        ON DELETE NO ACTION
        NOT VALID;


ALTER TABLE IF EXISTS public."order"
    ADD CONSTRAINT order_contact_info_id_fkey FOREIGN KEY (contact_info_id)
        REFERENCES public.contact_info (contact_info_id) MATCH SIMPLE
        ON UPDATE NO ACTION
        ON DELETE NO ACTION
        NOT VALID;


ALTER TABLE IF EXISTS public."order"
    ADD CONSTRAINT order_contact_info_id_fkey1 FOREIGN KEY (contact_info_id)
        REFERENCES public.contact_info (contact_info_id) MATCH SIMPLE
        ON UPDATE NO ACTION
        ON DELETE NO ACTION
        NOT VALID;


ALTER TABLE IF EXISTS public.specific
    ADD CONSTRAINT specific_material_id_fkey FOREIGN KEY (material_id)
        REFERENCES public.material (material_id) MATCH SIMPLE
        ON UPDATE NO ACTION
        ON DELETE NO ACTION
        NOT VALID;


ALTER TABLE IF EXISTS public.specific
    ADD CONSTRAINT specific_material_id_fkey1 FOREIGN KEY (material_id)
        REFERENCES public.material (material_id) MATCH SIMPLE
        ON UPDATE NO ACTION
        ON DELETE NO ACTION
        NOT VALID;


ALTER TABLE IF EXISTS public.specific
    ADD CONSTRAINT specific_material_id_fkey2 FOREIGN KEY (material_id)
        REFERENCES public.material (material_id) MATCH SIMPLE
        ON UPDATE NO ACTION
        ON DELETE NO ACTION
        NOT VALID;


ALTER TABLE IF EXISTS public.specific
    ADD CONSTRAINT specific_material_id_fkey3 FOREIGN KEY (material_id)
        REFERENCES public.material (material_id) MATCH SIMPLE
        ON UPDATE NO ACTION
        ON DELETE NO ACTION
        NOT VALID;


ALTER TABLE IF EXISTS public.specific
    ADD CONSTRAINT specific_material_id_fkey4 FOREIGN KEY (material_id)
        REFERENCES public.material (material_id) MATCH SIMPLE
        ON UPDATE NO ACTION
        ON DELETE NO ACTION
        NOT VALID;


ALTER TABLE IF EXISTS public.variant
    ADD CONSTRAINT variant_specific_id_fkey FOREIGN KEY (specific_id)
        REFERENCES public.specific (specific_id) MATCH SIMPLE
        ON UPDATE NO ACTION
        ON DELETE NO ACTION
        NOT VALID;


ALTER TABLE IF EXISTS public.variant
    ADD CONSTRAINT variant_specific_id_fkey1 FOREIGN KEY (specific_id)
        REFERENCES public.specific (specific_id) MATCH SIMPLE
        ON UPDATE NO ACTION
        ON DELETE NO ACTION
        NOT VALID;


ALTER TABLE IF EXISTS public.variant
    ADD CONSTRAINT variant_specific_id_fkey2 FOREIGN KEY (specific_id)
        REFERENCES public.specific (specific_id) MATCH SIMPLE
        ON UPDATE NO ACTION
        ON DELETE NO ACTION
        NOT VALID;


ALTER TABLE IF EXISTS public.variant
    ADD CONSTRAINT variant_specific_id_fkey3 FOREIGN KEY (specific_id)
        REFERENCES public.specific (specific_id) MATCH SIMPLE
        ON UPDATE NO ACTION
        ON DELETE NO ACTION
        NOT VALID;


ALTER TABLE IF EXISTS public.variant
    ADD CONSTRAINT variant_specific_id_fkey4 FOREIGN KEY (specific_id)
        REFERENCES public.specific (specific_id) MATCH SIMPLE
        ON UPDATE NO ACTION
        ON DELETE NO ACTION
        NOT VALID;


INSERT INTO public."user" VALUES (3, 'admin@fog.com', '4321', 'admin');


INSERT INTO public.material VALUES (1, 'planke', 'træ', 'ubehandlet', 'STK', 'brædt');
INSERT INTO public.material VALUES (2, 'planke', 'træ', 'ubehandlet', 'STK', 'spærtræ');
INSERT INTO public.material VALUES (3, 'planke', 'træ', 'ubehandlet', 'STK', 'reglar');
INSERT INTO public.material VALUES (4, 'planke', 'træ', 'ubehandlet', 'STK', 'lægte');
INSERT INTO public.material VALUES (5, 'planke', 'træ', 'ubehandlet', 'STK', 'stolpe');


INSERT INTO public.specific VALUES (1, 1, 45, 15, NULL, NULL);
INSERT INTO public.specific VALUES (2, 1, 60, 20, NULL, NULL);
INSERT INTO public.specific VALUES (3, 2, 30, 15, NULL, NULL);
INSERT INTO public.specific VALUES (4, 2, 28, 13, NULL, NULL);
INSERT INTO public.specific VALUES (5, 3, 68, 37, NULL, NULL);
INSERT INTO public.specific VALUES (6, 3, 66, 50, NULL, NULL);
INSERT INTO public.specific VALUES (7, 4, 45, 3, NULL, NULL);
INSERT INTO public.specific VALUES (8, 4, 20, 10, NULL, NULL);
INSERT INTO public.specific VALUES (9, 5, 90, 90, NULL, NULL);
INSERT INTO public.specific VALUES (10, 5, 30, 30, NULL, NULL);


INSERT INTO public.variant VALUES (1, 2, 100, 1, 2000, false);
INSERT INTO public.variant VALUES (2, 2, 3000, 1, 42000, false);
INSERT INTO public.variant VALUES (3, 2, 2600, 1, 36000, false);
INSERT INTO public.variant VALUES (4, 2, 2500, 1, 30000, false);
INSERT INTO public.variant VALUES (5, 2, 2000, 1, 23000, false);
INSERT INTO public.variant VALUES (6, 2, 1500, 1, 15000, false);
INSERT INTO public.variant VALUES (7, 2, 1350, 1, 13500, false);
INSERT INTO public.variant VALUES (8, 2, 1100, 1, 11000, false);
INSERT INTO public.variant VALUES (9, 2, 900, 1, 9000, false);
INSERT INTO public.variant VALUES (10, 2, 700, 1, 7000, false);
INSERT INTO public.variant VALUES (11, 2, 300, 1, 3000, false);
INSERT INTO public.variant VALUES (12, 2, 6000, 1, 100000, false);
INSERT INTO public.variant VALUES (13, 2, 7000, 1, 140000, false);
INSERT INTO public.variant VALUES (14, 2, 4000, 1, 60000, false);
INSERT INTO public.variant VALUES (15, 2, 5000, 1, 75000, false);
INSERT INTO public.variant VALUES (16, 2, 3500, 1, 47000, false);
INSERT INTO public.variant VALUES (17, 2, 3700, 1, 50000, false);
INSERT INTO public.variant VALUES (18, 2, 3300, 1, 45000, false);
INSERT INTO public.variant VALUES (19, 2, 9000, 1, 250000, false);
INSERT INTO public.variant VALUES (20, 1, 100, 1, 2000, false);
INSERT INTO public.variant VALUES (21, 1, 300, 1, 3000, false);
INSERT INTO public.variant VALUES (22, 1, 700, 1, 7000, false);
INSERT INTO public.variant VALUES (23, 1, 900, 1, 9000, false);
INSERT INTO public.variant VALUES (24, 1, 1100, 1, 11000, false);
INSERT INTO public.variant VALUES (25, 1, 1350, 1, 13500, false);
INSERT INTO public.variant VALUES (26, 1, 1500, 1, 15000, false);
INSERT INTO public.variant VALUES (27, 1, 2000, 1, 23000, false);
INSERT INTO public.variant VALUES (28, 1, 2500, 1, 30000, false);
INSERT INTO public.variant VALUES (29, 1, 2600, 1, 36000, false);
INSERT INTO public.variant VALUES (30, 1, 3000, 1, 42000, false);
INSERT INTO public.variant VALUES (31, 1, 3300, 1, 45000, false);
INSERT INTO public.variant VALUES (32, 1, 3500, 1, 47000, false);
INSERT INTO public.variant VALUES (33, 1, 3700, 1, 50000, false);
INSERT INTO public.variant VALUES (34, 1, 4000, 1, 60000, false);
INSERT INTO public.variant VALUES (35, 1, 5000, 1, 75000, false);
INSERT INTO public.variant VALUES (36, 1, 6000, 1, 100000, false);
INSERT INTO public.variant VALUES (37, 1, 7000, 1, 140000, false);
INSERT INTO public.variant VALUES (38, 1, 9000, 1, 250000, false);
INSERT INTO public.variant VALUES (39, 3, 100, 1, 2000, false);
INSERT INTO public.variant VALUES (40, 3, 300, 1, 3000, false);
INSERT INTO public.variant VALUES (41, 3, 700, 1, 7000, false);
INSERT INTO public.variant VALUES (42, 3, 900, 1, 9000, false);
INSERT INTO public.variant VALUES (43, 3, 1100, 1, 11000, false);
INSERT INTO public.variant VALUES (44, 3, 1350, 1, 13500, false);
INSERT INTO public.variant VALUES (45, 3, 1500, 1, 15000, false);
INSERT INTO public.variant VALUES (46, 3, 2000, 1, 23000, false);
INSERT INTO public.variant VALUES (47, 3, 2500, 1, 30000, false);
INSERT INTO public.variant VALUES (48, 3, 2600, 1, 36000, false);
INSERT INTO public.variant VALUES (49, 3, 3000, 1, 42000, false);
INSERT INTO public.variant VALUES (50, 3, 3300, 1, 45000, false);
INSERT INTO public.variant VALUES (51, 3, 3500, 1, 47000, false);
INSERT INTO public.variant VALUES (52, 3, 3700, 1, 50000, false);
INSERT INTO public.variant VALUES (53, 3, 4000, 1, 60000, false);
INSERT INTO public.variant VALUES (54, 3, 5000, 1, 75000, false);
INSERT INTO public.variant VALUES (55, 3, 6000, 1, 100000, false);
INSERT INTO public.variant VALUES (56, 3, 7000, 1, 140000, false);
INSERT INTO public.variant VALUES (57, 3, 9000, 1, 250000, false);
INSERT INTO public.variant VALUES (58, 4, 100, 1, 2000, false);
INSERT INTO public.variant VALUES (59, 4, 300, 1, 3000, false);
INSERT INTO public.variant VALUES (60, 4, 700, 1, 7000, false);
INSERT INTO public.variant VALUES (61, 4, 900, 1, 9000, false);
INSERT INTO public.variant VALUES (62, 4, 1100, 1, 11000, false);
INSERT INTO public.variant VALUES (63, 4, 1350, 1, 13500, false);
INSERT INTO public.variant VALUES (64, 4, 1500, 1, 15000, false);
INSERT INTO public.variant VALUES (65, 4, 2000, 1, 23000, false);
INSERT INTO public.variant VALUES (66, 4, 2500, 1, 30000, false);
INSERT INTO public.variant VALUES (67, 4, 2600, 1, 36000, false);
INSERT INTO public.variant VALUES (68, 4, 3000, 1, 42000, false);
INSERT INTO public.variant VALUES (69, 4, 3300, 1, 45000, false);
INSERT INTO public.variant VALUES (70, 4, 3500, 1, 47000, false);
INSERT INTO public.variant VALUES (71, 4, 3700, 1, 50000, false);
INSERT INTO public.variant VALUES (72, 4, 4000, 1, 60000, false);
INSERT INTO public.variant VALUES (73, 4, 5000, 1, 75000, false);
INSERT INTO public.variant VALUES (74, 4, 6000, 1, 100000, false);
INSERT INTO public.variant VALUES (75, 4, 7000, 1, 140000, false);
INSERT INTO public.variant VALUES (76, 4, 9000, 1, 250000, false);
INSERT INTO public.variant VALUES (77, 5, 100, 1, 2000, false);
INSERT INTO public.variant VALUES (78, 5, 300, 1, 3000, false);
INSERT INTO public.variant VALUES (79, 5, 700, 1, 7000, false);
INSERT INTO public.variant VALUES (80, 5, 900, 1, 9000, false);
INSERT INTO public.variant VALUES (81, 5, 1100, 1, 11000, false);
INSERT INTO public.variant VALUES (82, 5, 1350, 1, 13500, false);
INSERT INTO public.variant VALUES (83, 5, 1500, 1, 15000, false);
INSERT INTO public.variant VALUES (84, 5, 2000, 1, 23000, false);
INSERT INTO public.variant VALUES (85, 5, 2500, 1, 30000, false);
INSERT INTO public.variant VALUES (86, 5, 2600, 1, 36000, false);
INSERT INTO public.variant VALUES (87, 5, 3000, 1, 42000, false);
INSERT INTO public.variant VALUES (88, 5, 3300, 1, 45000, false);
INSERT INTO public.variant VALUES (89, 5, 3500, 1, 47000, false);
INSERT INTO public.variant VALUES (90, 5, 3700, 1, 50000, false);
INSERT INTO public.variant VALUES (91, 5, 4000, 1, 60000, false);
INSERT INTO public.variant VALUES (92, 5, 5000, 1, 75000, false);
INSERT INTO public.variant VALUES (93, 5, 6000, 1, 100000, false);
INSERT INTO public.variant VALUES (94, 5, 7000, 1, 140000, false);
INSERT INTO public.variant VALUES (95, 5, 9000, 1, 250000, false);
INSERT INTO public.variant VALUES (96, 6, 100, 1, 2000, false);
INSERT INTO public.variant VALUES (97, 6, 3000, 1, 42000, false);
INSERT INTO public.variant VALUES (98, 6, 2600, 1, 36000, false);
INSERT INTO public.variant VALUES (99, 6, 2500, 1, 30000, false);
INSERT INTO public.variant VALUES (100, 6, 2000, 1, 23000, false);
INSERT INTO public.variant VALUES (101, 6, 1500, 1, 15000, false);
INSERT INTO public.variant VALUES (102, 6, 1350, 1, 13500, false);
INSERT INTO public.variant VALUES (103, 6, 1100, 1, 11000, false);
INSERT INTO public.variant VALUES (104, 6, 900, 1, 9000, false);
INSERT INTO public.variant VALUES (105, 6, 700, 1, 7000, false);
INSERT INTO public.variant VALUES (106, 6, 300, 1, 3000, false);
INSERT INTO public.variant VALUES (107, 6, 6000, 1, 100000, false);
INSERT INTO public.variant VALUES (108, 6, 7000, 1, 140000, false);
INSERT INTO public.variant VALUES (109, 6, 4000, 1, 60000, false);
INSERT INTO public.variant VALUES (110, 6, 5000, 1, 75000, false);
INSERT INTO public.variant VALUES (111, 6, 3500, 1, 47000, false);
INSERT INTO public.variant VALUES (112, 6, 3700, 1, 50000, false);
INSERT INTO public.variant VALUES (113, 6, 3300, 1, 45000, false);
INSERT INTO public.variant VALUES (114, 6, 9000, 1, 250000, false);
INSERT INTO public.variant VALUES (115, 7, 100, 1, 2000, false);
INSERT INTO public.variant VALUES (116, 7, 300, 1, 3000, false);
INSERT INTO public.variant VALUES (117, 7, 700, 1, 7000, false);
INSERT INTO public.variant VALUES (118, 7, 900, 1, 9000, false);
INSERT INTO public.variant VALUES (119, 7, 1100, 1, 11000, false);
INSERT INTO public.variant VALUES (120, 7, 1350, 1, 13500, false);
INSERT INTO public.variant VALUES (121, 7, 1500, 1, 15000, false);
INSERT INTO public.variant VALUES (122, 7, 2000, 1, 23000, false);
INSERT INTO public.variant VALUES (123, 7, 2500, 1, 30000, false);
INSERT INTO public.variant VALUES (124, 7, 2600, 1, 36000, false);
INSERT INTO public.variant VALUES (125, 7, 3000, 1, 42000, false);
INSERT INTO public.variant VALUES (126, 7, 3300, 1, 45000, false);
INSERT INTO public.variant VALUES (127, 7, 3500, 1, 47000, false);
INSERT INTO public.variant VALUES (128, 7, 3700, 1, 50000, false);
INSERT INTO public.variant VALUES (129, 7, 4000, 1, 60000, false);
INSERT INTO public.variant VALUES (130, 7, 5000, 1, 75000, false);
INSERT INTO public.variant VALUES (131, 7, 6000, 1, 100000, false);
INSERT INTO public.variant VALUES (132, 7, 7000, 1, 140000, false);
INSERT INTO public.variant VALUES (133, 7, 9000, 1, 250000, false);
INSERT INTO public.variant VALUES (134, 8, 100, 1, 2000, false);
INSERT INTO public.variant VALUES (135, 8, 300, 1, 3000, false);
INSERT INTO public.variant VALUES (136, 8, 700, 1, 7000, false);
INSERT INTO public.variant VALUES (137, 8, 900, 1, 9000, false);
INSERT INTO public.variant VALUES (138, 8, 1100, 1, 11000, false);
INSERT INTO public.variant VALUES (139, 8, 1350, 1, 13500, false);
INSERT INTO public.variant VALUES (140, 8, 1500, 1, 15000, false);
INSERT INTO public.variant VALUES (141, 8, 2000, 1, 23000, false);
INSERT INTO public.variant VALUES (142, 8, 2500, 1, 30000, false);
INSERT INTO public.variant VALUES (143, 8, 2600, 1, 36000, false);
INSERT INTO public.variant VALUES (144, 8, 3000, 1, 42000, false);
INSERT INTO public.variant VALUES (145, 8, 3300, 1, 45000, false);
INSERT INTO public.variant VALUES (146, 8, 3500, 1, 47000, false);
INSERT INTO public.variant VALUES (147, 8, 3700, 1, 50000, false);
INSERT INTO public.variant VALUES (148, 8, 4000, 1, 60000, false);
INSERT INTO public.variant VALUES (149, 8, 5000, 1, 75000, false);
INSERT INTO public.variant VALUES (150, 8, 6000, 1, 100000, false);
INSERT INTO public.variant VALUES (151, 8, 7000, 1, 140000, false);
INSERT INTO public.variant VALUES (152, 8, 9000, 1, 250000, false);
INSERT INTO public.variant VALUES (153, 9, 100, 1, 2000, false);
INSERT INTO public.variant VALUES (154, 9, 300, 1, 3000, false);
INSERT INTO public.variant VALUES (155, 9, 700, 1, 7000, false);
INSERT INTO public.variant VALUES (156, 9, 900, 1, 9000, false);
INSERT INTO public.variant VALUES (157, 9, 1100, 1, 11000, false);
INSERT INTO public.variant VALUES (158, 9, 1350, 1, 13500, false);
INSERT INTO public.variant VALUES (159, 9, 1500, 1, 15000, false);
INSERT INTO public.variant VALUES (160, 9, 2000, 1, 23000, false);
INSERT INTO public.variant VALUES (161, 9, 2500, 1, 30000, false);
INSERT INTO public.variant VALUES (162, 9, 2600, 1, 36000, false);
INSERT INTO public.variant VALUES (163, 9, 3000, 1, 42000, false);
INSERT INTO public.variant VALUES (164, 9, 3300, 1, 45000, false);
INSERT INTO public.variant VALUES (165, 9, 3500, 1, 47000, false);
INSERT INTO public.variant VALUES (166, 9, 3700, 1, 50000, false);
INSERT INTO public.variant VALUES (167, 9, 4000, 1, 60000, false);
INSERT INTO public.variant VALUES (168, 9, 5000, 1, 75000, false);
INSERT INTO public.variant VALUES (169, 9, 6000, 1, 100000, false);
INSERT INTO public.variant VALUES (170, 9, 7000, 1, 140000, false);
INSERT INTO public.variant VALUES (171, 9, 9000, 1, 250000, false);
INSERT INTO public.variant VALUES (172, 10, 100, 1, 2000, false);
INSERT INTO public.variant VALUES (173, 10, 300, 1, 3000, false);
INSERT INTO public.variant VALUES (174, 10, 700, 1, 7000, false);
INSERT INTO public.variant VALUES (175, 10, 900, 1, 9000, false);
INSERT INTO public.variant VALUES (176, 10, 1100, 1, 11000, false);
INSERT INTO public.variant VALUES (177, 10, 1350, 1, 13500, false);
INSERT INTO public.variant VALUES (178, 10, 1500, 1, 15000, false);
INSERT INTO public.variant VALUES (179, 10, 2000, 1, 23000, false);
INSERT INTO public.variant VALUES (180, 10, 2500, 1, 30000, false);
INSERT INTO public.variant VALUES (181, 10, 2600, 1, 36000, false);
INSERT INTO public.variant VALUES (182, 10, 3000, 1, 42000, false);
INSERT INTO public.variant VALUES (183, 10, 3300, 1, 45000, false);
INSERT INTO public.variant VALUES (184, 10, 3500, 1, 47000, false);
INSERT INTO public.variant VALUES (185, 10, 3700, 1, 50000, false);
INSERT INTO public.variant VALUES (186, 10, 4000, 1, 60000, false);
INSERT INTO public.variant VALUES (187, 10, 5000, 1, 75000, false);
INSERT INTO public.variant VALUES (188, 10, 6000, 1, 100000, false);
INSERT INTO public.variant VALUES (189, 10, 7000, 1, 140000, false);
INSERT INTO public.variant VALUES (190, 10, 9000, 1, 250000, false);


END;